Backend,Chunks,WriteTime(s),MeanTime(s),MeanValue,MaxTime(s),GPU_Memory(GB),GPU_Util(%),GPU_Mem_Util(%)
Zarr,"(10, 1024, 512)",2.854227304458618,1.1918351650238037,32767.432304272916,0.8689470291137695,2.01,16,2
HDF5,"(10, 1024, 512)",52.9293110370636,4.670655727386475,32767.432304272916,4.7630650997161865,1.98,10,11
Zarr,"(20, 512, 256)",1.8587617874145508,1.0126492977142334,32767.432304272916,0.6825933456420898,1.98,0,1
HDF5,"(20, 512, 256)",49.100998878479004,2.7533822059631348,32767.432304272916,2.7043237686157227,1.99,2,8
